{"accuracy": [0.9350546002388, 0.978410005569458, 0.9814578294754028, 0.9841865301132202, 0.9857343435287476, 0.9864524006843567, 0.987489640712738, 0.9878407120704651, 0.9891970157623291, 0.9893725514411926], "loss": [0.15407660603523254, 0.05942528694868088, 0.05164269357919693, 0.043928854167461395, 0.040052104741334915, 0.03780918940901756, 0.033384982496500015, 0.03430032730102539, 0.030282938852906227, 0.02998274192214012], "val_accuracy": [0.8901289701461792, 0.817460298538208, 0.901289701461792, 0.9680059552192688, 0.8040674328804016, 0.9439483880996704, 0.9578372836112976, 0.711309552192688, 0.9610615372657776, 0.9503968358039856], "val_loss": [0.2559574544429779, 0.3777881860733032, 0.21378351747989655, 0.09108132869005203, 0.40842172503471375, 0.13048695027828217, 0.13538020849227905, 0.6225558519363403, 0.1346445381641388, 0.1509259045124054]}